Name;Tweet Link;Timestamp;Query;Tweet Date;Twitter ID;Handle;Text;Profile URL
JOGJAKARTA;https://twitter.com/area_jogja/status/1899341993693880413;Today at 19:31;https://x.com/search?q=%22Eiger%20Women%22%20until%3A2025-12-31%20since%3A2024-01-01&src=typed_query;Tue Mar 11 06:09:54 +0000 2025;552326018;area_jogja;"Eiger Women merayakan kekuatan dan kebersamaan perempuan di Jakarta, Bandung &amp; Yogyakarta!

Dengan kampanye “EIGER Women For Them”, Eiger Women mengajak untuk berbagi dan mendukung satu sama lain melalui charity walk dan iftar gathering bareng komunitas, bagi 1.000 paket makanan! https://t.co/lok9sFwIva";https://twitter.com/area_jogja
EIGER;https://twitter.com/eigeradventure/status/1775450294647968241;Today at 19:31;https://x.com/search?q=%22Eiger%20Women%22%20until%3A2025-12-31%20since%3A2024-01-01&src=typed_query;Wed Apr 03 09:08:31 +0000 2024;67260968;eigeradventure;"Para pendaki perempuan saatnya kumpul, EIGER Women Adventure Camp hadir kembali!🍃👋

Selain berbagi edukasi, di kegiatan ini kita akan merayakan Hari Kartini, penanaman anggrek, barbeque party, dan fun games!

Yuk, daftarkan diri kamu sekarang, scan barcode dibawah yah! https://t.co/NzPUtJ8gzy";https://twitter.com/eigeradventure
EIGER;https://twitter.com/eigeradventure/status/1770345248746573981;Today at 19:31;https://x.com/search?q=%22Eiger%20Women%22%20until%3A2025-12-31%20since%3A2024-01-01&src=typed_query;Wed Mar 20 07:02:53 +0000 2024;67260968;eigeradventure;"Calling all #HerAdventurers! EIGER Women is gearing up for the Trademark Market 2024, it’s time to explore in style!

EIGER Women has a lot of surprises for you at Trademark 2024.
Join Us :
🏬 City Hall, Pondok Indah Mall 3 (Block B9-10)
📆March 22nd - 24th, 2024

#EIGERWomen https://t.co/RFAih19pDu";https://twitter.com/eigeradventure
🧸;https://twitter.com/geemi95/status/1964693299186573352;Today at 19:31;https://x.com/search?q=%22Eiger%20Women%22%20until%3A2025-12-31%20since%3A2024-01-01&src=typed_query;Sun Sep 07 14:12:39 +0000 2025;1090568518485958658;geemi95;"wts preloved sepatu eiger women gyrfalcon 
size 41 include box
barang bagus jarang dipake pemakaian &lt; 1 bulan
dom bandung
minat dm ya ges 🙏🏻

#wts #wanttosell #eiger #preloved #prelovedbandung #prelovedeiger https://t.co/Zp56mCzQCB";https://twitter.com/geemi95
EIGER;https://twitter.com/eigeradventure/status/1889265776953274595;Today at 19:31;https://x.com/search?q=%22Eiger%20Women%22%20until%3A2025-12-31%20since%3A2024-01-01&src=typed_query;Tue Feb 11 10:50:36 +0000 2025;67260968;eigeradventure;"EIGER Adventure hadir di Jakarta Sneaker Day 2025🔥

Siap upgrade gear petualanganmu? Temukan koleksi terbaru dari EIGER dan EIGER Women di sini!

📍 Jakarta Convention Center Senayan (Hall A &amp; Hall B)
📆 14 - 16 Februari 2025

Jangan sampai ketinggalan! #EIGERWomen
#JSD #JSD2025 https://t.co/23gNDBcFMI";https://twitter.com/eigeradventure
EIGER;https://twitter.com/eigeradventure/status/1826930091148116377;Today at 19:31;https://x.com/search?q=%22Eiger%20Women%22%20until%3A2025-12-31%20since%3A2024-01-01&src=typed_query;Fri Aug 23 10:30:51 +0000 2024;67260968;eigeradventure;"Mana yang mau kamu pakai buat ke kampus?🙌

Ini rekomendasi outfit EIGER Women dari EIGER, semua produknya bisa kamu cek di store, website, mobile apps dan marketplace resmi EIGER Adventure!😉

#EIGERAdventure #EIGER #EIGERWomen #HerAdventure #OutfitKampus #OOTDKampus https://t.co/8wUVBuBM2c";https://twitter.com/eigeradventure
🧸;https://twitter.com/geemi95/status/1996190719074300101;Today at 19:31;https://x.com/search?q=%22Eiger%20Women%22%20until%3A2025-12-31%20since%3A2024-01-01&src=typed_query;Wed Dec 03 12:12:09 +0000 2025;1090568518485958658;geemi95;"wts preloved sepatu eiger women gyrfalcon 
size 41 (muat buat yg biasa size 40) include box
barang bagus
dom bandung
minat dm ya ges 🙏🏻

#wts #wanttosell #eiger #preloved #prelovedbandung #prelovedeiger https://t.co/JOvmJKDrGb";https://twitter.com/geemi95
EIGER;https://twitter.com/eigeradventure/status/1851922786912251958;Today at 19:31;https://x.com/search?q=%22Eiger%20Women%22%20until%3A2025-12-31%20since%3A2024-01-01&src=typed_query;Thu Oct 31 09:42:54 +0000 2024;67260968;eigeradventure;"PENGUMUMAN BAGI PARA PEREMPUAN❗️

EIGER Women Jungle Survival Course kembali hadir!

WJSC adalah program pelatihan survival khusus bagi penggiat alam bebas perempuan di Indonesia.

Tema WJSC tahun ini adalah “Membangun sikap survival dalam menghadapi tantangan kehidupan”. https://t.co/lYfSvnTudH";https://twitter.com/eigeradventure
EIGER;https://twitter.com/eigeradventure/status/1784494547973865721;Today at 19:31;https://x.com/search?q=%22Eiger%20Women%22%20until%3A2025-12-31%20since%3A2024-01-01&src=typed_query;Sun Apr 28 08:07:09 +0000 2024;67260968;eigeradventure;"In the embrace of nature, women find serenity. A gentle touch, a soothing whisper, as nature bestows its calm upon every moment of her journey.  Get the best journey with Trisha collection of EIGER Women! 

Get here: https://t.co/5ZohtbGYg7 

#EigerAdventure #EigerWomen https://t.co/U3cKzrBOcH";https://twitter.com/eigeradventure
halida;https://twitter.com/haliiida/status/1899838856821903659;Today at 19:31;https://x.com/search?q=%22Eiger%20Women%22%20until%3A2025-12-31%20since%3A2024-01-01&src=typed_query;Wed Mar 12 15:04:15 +0000 2025;1857431518559580160;haliiida;"Preloved jacket eiger women seri sisu pemakaian hanya satu kali aja karena kebesaran. Size XXL yaa tag masih ada bahan enak
Aku jual 150k exc adm shopee 10% ya, kalo mau hemat bisa splitpay👍🏻 https://t.co/GdHgcRpCbe";https://twitter.com/haliiida
EIGER;https://twitter.com/eigeradventure/status/1835673936442593398;Today at 19:31;https://x.com/search?q=%22Eiger%20Women%22%20until%3A2025-12-31%20since%3A2024-01-01&src=typed_query;Mon Sep 16 13:35:46 +0000 2024;67260968;eigeradventure;"Effortless style for campus days! 👟

Outfit casual dari EIGER Women ini bikin kamu siap kuliah dengan style yang simple tapi fashionable. Kaos dengan celana cargo yang bisa di buat pendek bikin kamu sat set berkegiatan sehabis kuliah😉 https://t.co/OB0k3eONFU";https://twitter.com/eigeradventure
anit;https://twitter.com/sweetisfyingg/status/1950502204701315483;Today at 19:31;https://x.com/search?q=%22Eiger%20Women%22%20until%3A2025-12-31%20since%3A2024-01-01&src=typed_query;Wed Jul 30 10:22:18 +0000 2025;1161522008137461760;sweetisfyingg;"WTS - Preloved Topi Eiger Women Grey
- 100rb br 2x pakai
- aku beli 180rb di store cm dpt disc 5%, di shopee mall eiger udah sold
- shipping dr Kota Bengkulu, CO by oren
- DM buat detail pake video &amp; rules yah https://t.co/Sxko7XIYkb";https://twitter.com/sweetisfyingg
Radio PRFM;https://twitter.com/PRFMnews/status/1959948799805460721;Today at 19:31;https://x.com/search?q=%22Eiger%20Women%22%20until%3A2025-12-31%20since%3A2024-01-01&src=typed_query;Mon Aug 25 11:59:42 +0000 2025;150589950;PRFMnews;"TOKO PERTAMA EIGER WOMEN &amp; JUNIOR DI INDONESIA, DIBUKA DI SURABAYA

EIGER resmi membuka store pertama khusus @eiger.women &amp; eiger.junior di Surabaya. Toko ini menjadi toko pertama di Indonesia untuk EIGER Women &amp; Junior. Berlokasi di Jl. Raya Manyar No. 74 Kota Surabaya.

EIGER https://t.co/G566Jlpqd5";https://twitter.com/PRFMnews
k ˖᯽*.ﾟ;https://twitter.com/gongjynim/status/1828025949264453816;Today at 19:31;https://x.com/search?q=%22Eiger%20Women%22%20until%3A2025-12-31%20since%3A2024-01-01&src=typed_query;Mon Aug 26 11:05:24 +0000 2024;945101218753298432;gongjynim;eiger women jadi konsep warna neo gini…… menarik 😂😂 https://t.co/MCr2GYkQc4;https://twitter.com/gongjynim
elvina - ihsan;https://twitter.com/elvina1902/status/1982323751778963842;Today at 19:31;https://x.com/search?q=%22Eiger%20Women%22%20until%3A2025-12-31%20since%3A2024-01-01&src=typed_query;Sun Oct 26 05:49:46 +0000 2025;251598820;elvina1902;Cek EIGER WOMEN VIRERE WINDBLOCK JACKET dengan harga Rp649.000. Dapatkan di Shopee sekarang! https://t.co/91aYvYJUlC https://t.co/m2D45ucrCD;https://twitter.com/elvina1902
neessa;https://twitter.com/neesza_/status/1985199254198173977;Today at 19:31;https://x.com/search?q=%22Eiger%20Women%22%20until%3A2025-12-31%20since%3A2024-01-01&src=typed_query;Mon Nov 03 04:16:00 +0000 2025;1780464255122472960;neesza_;akun gue insight nya naik bgt grgr kmrn direpost eiger women 😭 https://t.co/YX4TCK5UQv;https://twitter.com/neesza_
✨️;https://twitter.com/majutigalangkah/status/2000150408711516539;Today at 19:31;https://x.com/search?q=%22Eiger%20Women%22%20until%3A2025-12-31%20since%3A2024-01-01&src=typed_query;Sun Dec 14 10:26:33 +0000 2025;929547918943469569;majutigalangkah;Cek EIGER WOMEN LOENIE MINI DAYPACK 12L dengan harga Rp359.000. Dapatkan di #Shopee sekarang! https://t.co/xI3K6uBG6n https://t.co/dswW2eYRJK;https://twitter.com/majutigalangkah
elvina - ihsan;https://twitter.com/elvina1902/status/1982100798420197864;Today at 19:31;https://x.com/search?q=%22Eiger%20Women%22%20until%3A2025-12-31%20since%3A2024-01-01&src=typed_query;Sat Oct 25 15:03:50 +0000 2025;251598820;elvina1902;Cek EIGER WOMEN SNEFFELS DIGITAL WATCH dengan harga Rp539.000. Dapatkan di Shopee sekarang! https://t.co/XHwgzbHpcS https://t.co/Ehz8pC6TcU;https://twitter.com/elvina1902
JPNN.com;https://twitter.com/jpnncom/status/1915560516053008419;Today at 19:31;https://x.com/search?q=%22Eiger%20Women%22%20until%3A2025-12-31%20since%3A2024-01-01&src=typed_query;Fri Apr 25 00:16:31 +0000 2025;79130206;jpnncom;"EIGER Adventure mengundang perempuan dengan berbagai latar belakang untuk belajar kelimuan dan praktek bertahan hidup di alam terbuka dalam agenda bertajuk EIGER Women Jungle Survival Course (WJSC) 2025 di kaki Gunung Galunggung, 21-27 April 2025.

#WJSC2025
#Survival
#Eiger https://t.co/sWcNUcuThd";https://twitter.com/jpnncom
elvina - ihsan;https://twitter.com/elvina1902/status/1984521899444224287;Today at 19:31;https://x.com/search?q=%22Eiger%20Women%22%20until%3A2025-12-31%20since%3A2024-01-01&src=typed_query;Sat Nov 01 07:24:26 +0000 2025;251598820;elvina1902;Cek EIGER WOMEN CALDERA ROLL STRAP 3.0 SANDALS dengan harga Rp309.000. Dapatkan di Shopee sekarang! https://t.co/ZNtkbIHhpK https://t.co/Csmk0xzTMq;https://twitter.com/elvina1902
EIGER;https://twitter.com/eigeradventure/status/1838415611333849461;Today at 19:31;https://x.com/search?q=%22Eiger%20Women%22%20until%3A2025-12-31%20since%3A2024-01-01&src=typed_query;Tue Sep 24 03:10:12 +0000 2024;67260968;eigeradventure;"Cek botol kamu, udah ada tanda BPA Free?😉
Yuk belanja Botol EIGER Women di store, marketplace dan website resmi EIGER dengan menggunakan kode “WS” saat pencarian. #EIGERAdventure #EIGERWomen #HerAdventure #BPAFree #BPAFreeBottle #EIGER #BotolEIGER #WaterBottle https://t.co/zwik9KHu1l";https://twitter.com/eigeradventure
Racun Diskonan Lazada;https://twitter.com/AnnisaSuandi2/status/1998767793614065964;Today at 19:31;https://x.com/search?q=%22Eiger%20Women%22%20until%3A2025-12-31%20since%3A2024-01-01&src=typed_query;Wed Dec 10 14:52:31 +0000 2025;1467888119554871301;AnnisaSuandi2;"54k!!! 
diskon beli di link ini
https://t.co/22mhRMOWXo

EIGER WOMEN HEXA DRAWSTRING BAG
Promo wts wtb hanya tag diskon beli di link ini
https://t.co/22mhRMOWXo https://t.co/L5SZZt93s9";https://twitter.com/AnnisaSuandi2
elvina - ihsan;https://twitter.com/elvina1902/status/1952719271995318556;Today at 19:31;https://x.com/search?q=%22Eiger%20Women%22%20until%3A2025-12-31%20since%3A2024-01-01&src=typed_query;Tue Aug 05 13:12:08 +0000 2025;251598820;elvina1902;Cek EIGER WOMEN VOLGA HAT 1.0 dengan harga Rp179.000. Dapatkan di Shopee sekarang! https://t.co/SjlT0FohG7 https://t.co/g4gRvbS7B3;https://twitter.com/elvina1902
elvina - ihsan;https://twitter.com/elvina1902/status/1978124044663710128;Today at 19:31;https://x.com/search?q=%22Eiger%20Women%22%20until%3A2025-12-31%20since%3A2024-01-01&src=typed_query;Tue Oct 14 15:41:38 +0000 2025;251598820;elvina1902;Cek EIGER WOMEN SHORESIDE 2.0 PACK 22L 1A LAPTOP dengan harga Rp479.000. Dapatkan di Shopee sekarang! https://t.co/nmztx26ovG https://t.co/lnueyumXua;https://twitter.com/elvina1902
elvina - ihsan;https://twitter.com/elvina1902/status/1955880439400534437;Today at 19:31;https://x.com/search?q=%22Eiger%20Women%22%20until%3A2025-12-31%20since%3A2024-01-01&src=typed_query;Thu Aug 14 06:33:29 +0000 2025;251598820;elvina1902;Cek EIGER WOMEN LUCENT DIGITAL WATCH dengan harga Rp409.000. Dapatkan di Shopee sekarang! https://t.co/zNudSsFJcA https://t.co/JOauGyW7N2;https://twitter.com/elvina1902
elvina - ihsan;https://twitter.com/elvina1902/status/1958343135580606906;Today at 19:31;https://x.com/search?q=%22Eiger%20Women%22%20until%3A2025-12-31%20since%3A2024-01-01&src=typed_query;Thu Aug 21 01:39:22 +0000 2025;251598820;elvina1902;Cek EIGER WOMEN VIRERE ROLL STRAP SANDALS dengan harga Rp399.000. Dapatkan di Shopee sekarang! https://t.co/0mjixlXcXa https://t.co/lI8V7aX751;https://twitter.com/elvina1902
elvina - ihsan;https://twitter.com/elvina1902/status/1964177859259281606;Today at 19:31;https://x.com/search?q=%22Eiger%20Women%22%20until%3A2025-12-31%20since%3A2024-01-01&src=typed_query;Sat Sep 06 04:04:28 +0000 2025;251598820;elvina1902;Cek EIGER WOMEN VIRERE BACKPACK 20L LAPTOP dengan harga Rp549.000. Dapatkan di Shopee sekarang! https://t.co/ECTChfwaIu https://t.co/xlxSxNwmCK;https://twitter.com/elvina1902
Antasena;https://twitter.com/Anta_sena212/status/1987827048581333034;Today at 19:31;https://x.com/search?q=%22Eiger%20Women%22%20until%3A2025-12-31%20since%3A2024-01-01&src=typed_query;Mon Nov 10 10:17:55 +0000 2025;971779140155097088;Anta_sena212;Temukan EIGER WOMEN ROCKMASTER 25 CARRIER di Blibli, harganya Rp829.000! Coba buka link-nya, deh: https://t.co/dSosrTFi3R https://t.co/OGg9hoWiiz;https://twitter.com/Anta_sena212
✨️;https://twitter.com/majutigalangkah/status/1998617575018868984;Today at 19:31;https://x.com/search?q=%22Eiger%20Women%22%20until%3A2025-12-31%20since%3A2024-01-01&src=typed_query;Wed Dec 10 04:55:37 +0000 2025;929547918943469569;majutigalangkah;Cek EIGER WOMEN VIRERE BACKPACK 20L LAPTOP dengan harga Rp559.000. Dapatkan di Shopee sekarang! https://t.co/uEo6aEKMWZ https://t.co/eFynlNy7QL;https://twitter.com/majutigalangkah
elvina - ihsan;https://twitter.com/elvina1902/status/1993170327149690924;Today at 19:31;https://x.com/search?q=%22Eiger%20Women%22%20until%3A2025-12-31%20since%3A2024-01-01&src=typed_query;Tue Nov 25 04:10:11 +0000 2025;251598820;elvina1902;Cek EIGER WOMEN NUWIE BACKPACK 3IN1 LAPTOP dengan harga Rp679.000. Dapatkan di Shopee sekarang! https://t.co/EsC8SMcnQ0 https://t.co/q91M6ylQMe;https://twitter.com/elvina1902
elvina - ihsan;https://twitter.com/elvina1902/status/1981364583714738207;Today at 19:31;https://x.com/search?q=%22Eiger%20Women%22%20until%3A2025-12-31%20since%3A2024-01-01&src=typed_query;Thu Oct 23 14:18:23 +0000 2025;251598820;elvina1902;Temukan Eiger Women Naya Hijab Sport Sleeveless Top seharga Rp190.485. Dapatkan sekarang juga di Shopee! https://t.co/2AsvP3PZma;https://twitter.com/elvina1902
🌦️ｌａｄｙ ｇｕｒｌ🌦️;https://twitter.com/ladyb2504/status/1993870869400268836;Today at 19:31;https://x.com/search?q=%22Eiger%20Women%22%20until%3A2025-12-31%20since%3A2024-01-01&src=typed_query;Thu Nov 27 02:33:54 +0000 2025;1285437879380893696;ladyb2504;"EIGER WOMEN VARSHA OVERALL 1.0 

 ⋆🎀✦ ── .Rp335.300. ── ✦🎀⋆

 https://t.co/p8nYp7axMS https://t.co/ceNEr2kMTD";https://twitter.com/ladyb2504
Indonesia Asyik;https://twitter.com/Indonesiaasyik/status/1993853446471274553;Today at 19:31;https://x.com/search?q=%22Eiger%20Women%22%20until%3A2025-12-31%20since%3A2024-01-01&src=typed_query;Thu Nov 27 01:24:40 +0000 2025;3169558262;Indonesiaasyik;"ANEKA PILIHAN WARNA🎨

EIGER WOMEN SHORESIDE 2.0 PACK 22L 1A LAPTOP

Harga Produk:  Rp479.000
HARGA Diskon:  Rp359.250

https://t.co/46LYnvU7Go https://t.co/Soy5iZZz4d";https://twitter.com/Indonesiaasyik
elvina - ihsan;https://twitter.com/elvina1902/status/1981710485314789744;Today at 19:31;https://x.com/search?q=%22Eiger%20Women%22%20until%3A2025-12-31%20since%3A2024-01-01&src=typed_query;Fri Oct 24 13:12:52 +0000 2025;251598820;elvina1902;Cek EIGER WOMEN FLEXY DAYPACK 15L dengan harga Rp349.000. Dapatkan di Shopee sekarang! https://t.co/PIzUyC4tMr https://t.co/GRJMBOzo2j;https://twitter.com/elvina1902
elvina - ihsan;https://twitter.com/elvina1902/status/1991904567366496695;Today at 19:31;https://x.com/search?q=%22Eiger%20Women%22%20until%3A2025-12-31%20since%3A2024-01-01&src=typed_query;Fri Nov 21 16:20:31 +0000 2025;251598820;elvina1902;Cek EIGER WOMEN NUWIE BACKPACK 20L LAPTOP dengan harga Rp419.000. Dapatkan di Shopee sekarang! https://t.co/61ikojiKj0 https://t.co/xDeQQXqxgj;https://twitter.com/elvina1902
Harian Jogja;https://twitter.com/Harian_Jogja/status/1959945369833410946;Today at 19:31;https://x.com/search?q=%22Eiger%20Women%22%20until%3A2025-12-31%20since%3A2024-01-01&src=typed_query;Mon Aug 25 11:46:04 +0000 2025;118371948;Harian_Jogja;"Toko Pertama EIGER Women danamp; Junior Dibuka di Surabaya https://t.co/Kby4gyPjal https://t.co/gkqH8NhniH";https://twitter.com/Harian_Jogja
Harian Jogja;https://twitter.com/Harian_Jogja/status/1898372389466959923;Today at 19:31;https://x.com/search?q=%22Eiger%20Women%22%20until%3A2025-12-31%20since%3A2024-01-01&src=typed_query;Sat Mar 08 13:57:02 +0000 2025;118371948;Harian_Jogja;Rayakan Hari Perempuan Internasional EIGER Women Berbagi dari Perempuan untuk Perempuan,  Serentak di Jakarta, Bandung dan Yogyakarta https://t.co/ziiXjL5f2G https://t.co/Bt7p5WUHMZ;https://twitter.com/Harian_Jogja
elvina - ihsan;https://twitter.com/elvina1902/status/1981649718108111118;Today at 19:31;https://x.com/search?q=%22Eiger%20Women%22%20until%3A2025-12-31%20since%3A2024-01-01&src=typed_query;Fri Oct 24 09:11:24 +0000 2025;251598820;elvina1902;Cek EIGER WOMEN LOENIE MINI DAYPACK 12L dengan harga Rp359.000. Dapatkan di Shopee sekarang! https://t.co/Ajqisi1e3n https://t.co/Y2JMtmrTFW;https://twitter.com/elvina1902
Winda Susanti 윈다 수산티;https://twitter.com/weendanizz/status/1998095471429222696;Today at 19:31;https://x.com/search?q=%22Eiger%20Women%22%20until%3A2025-12-31%20since%3A2024-01-01&src=typed_query;Mon Dec 08 18:20:57 +0000 2025;62197539;weendanizz;EIGER WOMEN CALDERA ROLL STRAP 3.0 SANDALS https://t.co/uBSEsPChzt;https://twitter.com/weendanizz
yaelah masa ga tau;https://twitter.com/tukangsambatttt/status/1780251391359177010;Today at 19:31;https://x.com/search?q=%22Eiger%20Women%22%20until%3A2025-12-31%20since%3A2024-01-01&src=typed_query;Tue Apr 16 15:06:21 +0000 2024;1284086456609157123;tukangsambatttt;"Preloved dry fit eiger women series. Kaos panjang eiger cewek. Baru sekali kepake ternyata kekecilan. Sizenya L ini warna hitam. Sayang bngt gak kepake padahal carinya sudah

📍Semarang
🔸️170k belinya 199k

#zonauang #eigerpreloved https://t.co/im4H5wrkPW";https://twitter.com/tukangsambatttt
EIGER;https://twitter.com/eigeradventure/status/1851922798106820795;Today at 19:31;https://x.com/search?q=%22Eiger%20Women%22%20until%3A2025-12-31%20since%3A2024-01-01&src=typed_query;Thu Oct 31 09:42:56 +0000 2024;67260968;eigeradventure;"EIGER Women Jungle Survival Course 2024

📆 6 - 12 Desember 2024
📌 Kawasan Gn. Cakrabuana,Kab. Tasikmalaya, Jawa Barat
📑 Kuota terbatas (melalui tahap seleksi) https://t.co/IqhpRXaXus";https://twitter.com/eigeradventure
Kak_Uli🍉;https://twitter.com/kak_uli/status/1934440164157452699;Today at 19:31;https://x.com/search?q=%22Eiger%20Women%22%20until%3A2025-12-31%20since%3A2024-01-01&src=typed_query;Mon Jun 16 02:37:29 +0000 2025;1720381841541324800;kak_uli;Cek EIGER WOMEN MONTANA WATCH. Dapatkan di Shopee sekarang! https://t.co/DZ9Ueglphi https://t.co/KBfhAvaTXM;https://twitter.com/kak_uli
Kak_Uli🍉;https://twitter.com/kak_uli/status/1936380127493185943;Today at 19:31;https://x.com/search?q=%22Eiger%20Women%22%20until%3A2025-12-31%20since%3A2024-01-01&src=typed_query;Sat Jun 21 11:06:13 +0000 2025;1720381841541324800;kak_uli;Cek EIGER WOMEN VIRERE LOW CUT SHOES. Dapatkan di Shopee sekarang! https://t.co/kRNibmP5AQ https://t.co/yFQzfJvhW6;https://twitter.com/kak_uli
elvina - ihsan;https://twitter.com/elvina1902/status/1918552979969331220;Today at 19:31;https://x.com/search?q=%22Eiger%20Women%22%20until%3A2025-12-31%20since%3A2024-01-01&src=typed_query;Sat May 03 06:27:30 +0000 2025;251598820;elvina1902;Cek EIGER WOMEN MONTANA WATCH dengan harga Rp529.000. Dapatkan di Shopee sekarang! https://t.co/BfTo2PjmDq https://t.co/EzuzpEmIWo;https://twitter.com/elvina1902
elvina - ihsan;https://twitter.com/elvina1902/status/1993148749724700908;Today at 19:31;https://x.com/search?q=%22Eiger%20Women%22%20until%3A2025-12-31%20since%3A2024-01-01&src=typed_query;Tue Nov 25 02:44:27 +0000 2025;251598820;elvina1902;Cek EIGER WOMEN NUWIE BACKPACK 20L LAPTOP dengan harga Rp419.000. Dapatkan di Shopee sekarang! https://t.co/LyLmU9tUoL https://t.co/MrdcswOtnv;https://twitter.com/elvina1902
elvina - ihsan;https://twitter.com/elvina1902/status/1981710595775955232;Today at 19:31;https://x.com/search?q=%22Eiger%20Women%22%20until%3A2025-12-31%20since%3A2024-01-01&src=typed_query;Fri Oct 24 13:13:19 +0000 2025;251598820;elvina1902;Cek EIGER WOMEN VIRERE BACKPACK 20L LAPTOP dengan harga Rp549.000. Dapatkan di Shopee sekarang! https://t.co/9hFTdgrUgc https://t.co/kFjeXaplot;https://twitter.com/elvina1902
Nabila Oriza;https://twitter.com/nabilaoriza/status/1815403847172640770;Today at 19:31;https://x.com/search?q=%22Eiger%20Women%22%20until%3A2025-12-31%20since%3A2024-01-01&src=typed_query;Mon Jul 22 15:09:40 +0000 2024;707984473;nabilaoriza;"Hari ini berhasil mematahkan keraguan diri sendiri, ternyata aku sanggup hiking  dengan happy guys 😭🥹
So prouuuud of my self, kalau bukan karena Eiger Women Fun Hiking mungkin ga akan aku berani coba 🥹 https://t.co/LZcFxMiVt1";https://twitter.com/nabilaoriza
Winda Susanti 윈다 수산티;https://twitter.com/weendanizz/status/1991762511071527249;Today at 19:31;https://x.com/search?q=%22Eiger%20Women%22%20until%3A2025-12-31%20since%3A2024-01-01&src=typed_query;Fri Nov 21 06:56:02 +0000 2025;62197539;weendanizz;EIGER WOMEN QUEENFISHER 10L BACKPACK https://t.co/q51SE3oYcg;https://twitter.com/weendanizz
Solopos;https://twitter.com/soloposdotcom/status/1899335598420234635;Today at 19:31;https://x.com/search?q=%22Eiger%20Women%22%20until%3A2025-12-31%20since%3A2024-01-01&src=typed_query;Tue Mar 11 05:44:29 +0000 2025;155169715;soloposdotcom;EIGER Women Berbagi dari Perempuan untuk Perempuan, Serentak di 3 Kota EIGER Women memastikan siap terlibat dalam langkah strategis untuk bergerak bersama perempuan Indonesia, mengakselerasi perubahan positif untuk perempuan di Indonesia. https://t.co/IYAK6j7h8Q https://t.co/41xgParqfE;https://twitter.com/soloposdotcom
Indonesia Asyik;https://twitter.com/Indonesiaasyik/status/1930202247998349551;Today at 19:31;https://x.com/search?q=%22Eiger%20Women%22%20until%3A2025-12-31%20since%3A2024-01-01&src=typed_query;Wed Jun 04 09:57:32 +0000 2025;3169558262;Indonesiaasyik;"ADA PILIHAN WARNA 👇👇👇 

EIGER WOMEN VIRERE LOW CUT SHOES

Harga Produk:  Rp779.000
HARGA DISKON:  Rp779.000

https://t.co/vhC7vRZNpI https://t.co/P8qna6w6AE";https://twitter.com/Indonesiaasyik
Winda Susanti 윈다 수산티;https://twitter.com/weendanizz/status/1994835810580140112;Today at 19:31;https://x.com/search?q=%22Eiger%20Women%22%20until%3A2025-12-31%20since%3A2024-01-01&src=typed_query;Sat Nov 29 18:28:14 +0000 2025;62197539;weendanizz;EIGER WOMEN QUEENFISHER 10L BACKPACK https://t.co/np9sbpm6ml;https://twitter.com/weendanizz
Indonesia Asyik;https://twitter.com/Indonesiaasyik/status/1963191117765316653;Today at 19:31;https://x.com/search?q=%22Eiger%20Women%22%20until%3A2025-12-31%20since%3A2024-01-01&src=typed_query;Wed Sep 03 10:43:31 +0000 2025;3169558262;Indonesiaasyik;"EIGER WOMEN SPIDER ROCK 22 BACKPACK

Harga Produk:  Rp1.079.000
HARGA Diskon:  Rp900.000

https://t.co/jA0IxJMwXO https://t.co/7diRWHk1Ic";https://twitter.com/Indonesiaasyik
Indonesia Asyik;https://twitter.com/Indonesiaasyik/status/1947982072301425099;Today at 19:31;https://x.com/search?q=%22Eiger%20Women%22%20until%3A2025-12-31%20since%3A2024-01-01&src=typed_query;Wed Jul 23 11:28:12 +0000 2025;3169558262;Indonesiaasyik;"ADA PILIHAN WARNA 👍👇😁👇🥰👍👇👇👇 

EIGER WOMEN'S INLANDER JACKET

Harga Produk:  Rp529.000
HARGA DISKON:  Rp429.000

https://t.co/FF4tE9HXoN https://t.co/qGpeD7FBDF";https://twitter.com/Indonesiaasyik
Winda Susanti 윈다 수산티;https://twitter.com/weendanizz/status/1997517841525022982;Today at 19:31;https://x.com/search?q=%22Eiger%20Women%22%20until%3A2025-12-31%20since%3A2024-01-01&src=typed_query;Sun Dec 07 04:05:40 +0000 2025;62197539;weendanizz;EIGER WOMEN LUCENT DIGITAL WATCH https://t.co/6IBi7Cr2SJ;https://twitter.com/weendanizz
elvina - ihsan;https://twitter.com/elvina1902/status/2002273606928379934;Today at 19:31;https://x.com/search?q=%22Eiger%20Women%22%20until%3A2025-12-31%20since%3A2024-01-01&src=typed_query;Sat Dec 20 07:03:22 +0000 2025;251598820;elvina1902;Cek EIGER WOMEN SHORESIDE 2.0 PACK 22L 1A LAPTOP dengan harga Rp479.000. Dapatkan di Shopee sekarang! https://t.co/aS5tNtCgGb https://t.co/9e9Z0849AA;https://twitter.com/elvina1902
Indonesia Asyik;https://twitter.com/Indonesiaasyik/status/1942831762343973117;Today at 19:31;https://x.com/search?q=%22Eiger%20Women%22%20until%3A2025-12-31%20since%3A2024-01-01&src=typed_query;Wed Jul 09 06:22:42 +0000 2025;3169558262;Indonesiaasyik;"ANEKA PILIHAN WARNA 👍👇👇👇 

EIGER WOMEN ROCKMASTER 25 CARRIER

Harga Produk:  Rp829.000
HARGA DISKON:  Rp629.000

https://t.co/pCZwmI7YBP https://t.co/n5eOl1cW5F";https://twitter.com/Indonesiaasyik
elvina - ihsan;https://twitter.com/elvina1902/status/1977302994996830357;Today at 19:31;https://x.com/search?q=%22Eiger%20Women%22%20until%3A2025-12-31%20since%3A2024-01-01&src=typed_query;Sun Oct 12 09:19:05 +0000 2025;251598820;elvina1902;Temukan EIGER WOMEN SHORESIDE 2.0 PACK 22L 1A LAPTOP seharga Rp417.600. Dapatkan sekarang juga di Shopee! https://t.co/jobmdEfnfP;https://twitter.com/elvina1902
Winda Susanti 윈다 수산티;https://twitter.com/weendanizz/status/2000038256008954159;Today at 19:31;https://x.com/search?q=%22Eiger%20Women%22%20until%3A2025-12-31%20since%3A2024-01-01&src=typed_query;Sun Dec 14 03:00:53 +0000 2025;62197539;weendanizz;EIGER WOMEN CALDERA ROLL STRAP 3.0 SANDALS https://t.co/YA4QQqRf9a;https://twitter.com/weendanizz
Indonesia Asyik;https://twitter.com/Indonesiaasyik/status/1950863649163317525;Today at 19:31;https://x.com/search?q=%22Eiger%20Women%22%20until%3A2025-12-31%20since%3A2024-01-01&src=typed_query;Thu Jul 31 10:18:33 +0000 2025;3169558262;Indonesiaasyik;"ADA PILIHAN WARNA 👍👇👇👇 

EIGER WOMEN HANDLE WITH CARE LS TEE 1.0

Harga Produk:  Rp209.000
HARGA DISKON:  Rp209.000

https://t.co/FUURESkzaG https://t.co/f2Ym8baAID";https://twitter.com/Indonesiaasyik
Winda Susanti 윈다 수산티;https://twitter.com/weendanizz/status/1997947044087124335;Today at 19:31;https://x.com/search?q=%22Eiger%20Women%22%20until%3A2025-12-31%20since%3A2024-01-01&src=typed_query;Mon Dec 08 08:31:10 +0000 2025;62197539;weendanizz;EIGER WOMEN VIRERE ROLL STRAP SANDALS https://t.co/vW7s664q03;https://twitter.com/weendanizz
EIGER;https://twitter.com/eigeradventure/status/1810246608178565267;Today at 19:31;https://x.com/search?q=%22Eiger%20Women%22%20until%3A2025-12-31%20since%3A2024-01-01&src=typed_query;Mon Jul 08 09:36:38 +0000 2024;67260968;eigeradventure;"Lihat lebih dekat Trisha Denim Jacket dari EIGER Women!
Punya banyak saku dan potongan yang longgar jadi lebih mudah di mix and match dengan outfit yang lain😉 https://t.co/CBquswslV0";https://twitter.com/eigeradventure
elvina - ihsan;https://twitter.com/elvina1902/status/1896663386202796474;Today at 19:31;https://x.com/search?q=%22Eiger%20Women%22%20until%3A2025-12-31%20since%3A2024-01-01&src=typed_query;Mon Mar 03 20:46:04 +0000 2025;251598820;elvina1902;Cek EIGER WOMEN MONTANA WATCH dengan harga Rp509.000. Dapatkan di Shopee sekarang! https://t.co/GdmWrGVdX6 https://t.co/uQFrpQ88Rl;https://twitter.com/elvina1902
elvina - ihsan;https://twitter.com/elvina1902/status/1982624228362125338;Today at 19:31;https://x.com/search?q=%22Eiger%20Women%22%20until%3A2025-12-31%20since%3A2024-01-01&src=typed_query;Mon Oct 27 01:43:46 +0000 2025;251598820;elvina1902;Cek EIGER WOMEN NUWIE BACKPACK 20L LAPTOP dengan harga Rp419.000. Dapatkan di Shopee sekarang! https://t.co/zw3a4otRHq https://t.co/K13KB9sJTY;https://twitter.com/elvina1902
Winda Susanti 윈다 수산티;https://twitter.com/weendanizz/status/1991557785738453381;Today at 19:31;https://x.com/search?q=%22Eiger%20Women%22%20until%3A2025-12-31%20since%3A2024-01-01&src=typed_query;Thu Nov 20 17:22:32 +0000 2025;62197539;weendanizz;EIGER WOMEN QUEENFISHER 10L BACKPACK https://t.co/M5jBQ8ameO;https://twitter.com/weendanizz
Winda Susanti 윈다 수산티;https://twitter.com/weendanizz/status/1991021547348504623;Today at 19:31;https://x.com/search?q=%22Eiger%20Women%22%20until%3A2025-12-31%20since%3A2024-01-01&src=typed_query;Wed Nov 19 05:51:42 +0000 2025;62197539;weendanizz;EIGER WOMEN QUEENFISHER 10L BACKPACK https://t.co/sLfxDp9WX2;https://twitter.com/weendanizz
Mimamora;https://twitter.com/mimamora99/status/1931960693508772334;Today at 19:31;https://x.com/search?q=%22Eiger%20Women%22%20until%3A2025-12-31%20since%3A2024-01-01&src=typed_query;Mon Jun 09 06:24:58 +0000 2025;1776034734193422336;mimamora99;"EIGER WOMEN PACCHANTA ROLL SANDALS 
🏷️ Rp299.000. 
🖇️
 https://t.co/oI0MvrFryJ https://t.co/wJXpgrDOJh";https://twitter.com/mimamora99
Winda Susanti 윈다 수산티;https://twitter.com/weendanizz/status/1997245563683864937;Today at 19:31;https://x.com/search?q=%22Eiger%20Women%22%20until%3A2025-12-31%20since%3A2024-01-01&src=typed_query;Sat Dec 06 10:03:44 +0000 2025;62197539;weendanizz;EIGER WOMEN ROCKMASTER 25 CARRIER https://t.co/nBeZEE8Pxw;https://twitter.com/weendanizz
elvina - ihsan;https://twitter.com/elvina1902/status/1958184407560507715;Today at 19:31;https://x.com/search?q=%22Eiger%20Women%22%20until%3A2025-12-31%20since%3A2024-01-01&src=typed_query;Wed Aug 20 15:08:38 +0000 2025;251598820;elvina1902;Temukan EIGER WOMEN VIRERE ROLL STRAP SANDALS seharga Rp345.600. Dapatkan sekarang juga di Shopee! https://t.co/xXINbTnYh0;https://twitter.com/elvina1902
!!!;https://twitter.com/miskinabisktipu/status/1954426338858971379;Today at 19:31;https://x.com/search?q=%22Eiger%20Women%22%20until%3A2025-12-31%20since%3A2024-01-01&src=typed_query;Sun Aug 10 06:15:25 +0000 2025;1861727014060969984;miskinabisktipu;"Cek EIGER WOMEN MONTANA WATCH dengan harga Rp502.550. Dapatkan di Shopee sekarang!

El Rumi 82 pressin Minggu Jumbo Jefri https://t.co/zkLtGYnTr2 https://t.co/zcIFNxJMv5";https://twitter.com/miskinabisktipu
hyyoucekout;https://twitter.com/stylemuew/status/1944338728295534769;Today at 19:31;https://x.com/search?q=%22Eiger%20Women%22%20until%3A2025-12-31%20since%3A2024-01-01&src=typed_query;Sun Jul 13 10:10:51 +0000 2025;1378178071052754945;stylemuew;EIGER WOMEN VIRERE LOW CUT SHOES dengan harga Rp779.000.  https://t.co/ITu68hKsmU https://t.co/ImU4ab5MIG;https://twitter.com/stylemuew
Kha;https://twitter.com/Khaanwaar/status/1981538364856865230;Today at 19:31;https://x.com/search?q=%22Eiger%20Women%22%20until%3A2025-12-31%20since%3A2024-01-01&src=typed_query;Fri Oct 24 01:48:56 +0000 2025;1637939990;Khaanwaar;"Eiger Women Rolls Sandals.

https://t.co/nhDj6Tc6f7 https://t.co/3330E0hOyE";https://twitter.com/Khaanwaar
hyyoucekout;https://twitter.com/stylemuew/status/1942800975921832234;Today at 19:31;https://x.com/search?q=%22Eiger%20Women%22%20until%3A2025-12-31%20since%3A2024-01-01&src=typed_query;Wed Jul 09 04:20:22 +0000 2025;1378178071052754945;stylemuew;EIGER WOMEN VIRERE LOW CUT SHOES dengan harga Rp779.000. https://t.co/5nP46I7DRD https://t.co/oZucm38rtz;https://twitter.com/stylemuew
🌦️ｌａｄｙ ｇｕｒｌ🌦️;https://twitter.com/ladyb2504/status/1956218262028738679;Today at 19:31;https://x.com/search?q=%22Eiger%20Women%22%20until%3A2025-12-31%20since%3A2024-01-01&src=typed_query;Fri Aug 15 04:55:53 +0000 2025;1285437879380893696;ladyb2504;"EIGER WOMEN MONTANA WATCH 

Rp529.000. 

 https://t.co/4YNo3pIcOh https://t.co/tpxdYgwjeG";https://twitter.com/ladyb2504
Racun Diskonan Lazada;https://twitter.com/AnnisaSuandi2/status/2000505731423125694;Today at 19:31;https://x.com/search?q=%22Eiger%20Women%22%20until%3A2025-12-31%20since%3A2024-01-01&src=typed_query;Mon Dec 15 09:58:28 +0000 2025;1467888119554871301;AnnisaSuandi2;"275k !!
Diskon beli di link ini
https://t.co/UUphVmolEu

EIGER WOMEN PACCHANTA ROLL SANDALS - Promo wts wtb hanya tag diskon beli di link ini
https://t.co/UUphVmolEu https://t.co/fIxVPQg573";https://twitter.com/AnnisaSuandi2
Winda Susanti 윈다 수산티;https://twitter.com/weendanizz/status/2000038188593865193;Today at 19:31;https://x.com/search?q=%22Eiger%20Women%22%20until%3A2025-12-31%20since%3A2024-01-01&src=typed_query;Sun Dec 14 03:00:37 +0000 2025;62197539;weendanizz;EIGER WOMEN PACCHANTA ROLL SANDALS https://t.co/6eMjIC5KmB;https://twitter.com/weendanizz
mi ♡ ִֶָ☾。;https://twitter.com/natureee98/status/1925857679995551759;Today at 19:31;https://x.com/search?q=%22Eiger%20Women%22%20until%3A2025-12-31%20since%3A2024-01-01&src=typed_query;Fri May 23 10:13:46 +0000 2025;1888979950251958272;natureee98;"⋆. 𐙚 ̊  Eiger Women Series

sampe pusing mau rekomendasiin yang mana soalnya lucuk-lucuk dan produk eiger tuh zuper awet banget, jadi worth to buy semwaa! aakk~

vest pink🌸
https://t.co/t6Faa0xGbP

#rekomendasi #eiger #womenseries";https://twitter.com/natureee98
Winda Susanti 윈다 수산티;https://twitter.com/weendanizz/status/2002045303307075767;Today at 19:31;https://x.com/search?q=%22Eiger%20Women%22%20until%3A2025-12-31%20since%3A2024-01-01&src=typed_query;Fri Dec 19 15:56:11 +0000 2025;62197539;weendanizz;EIGER WOMEN QUEENFISHER 10L BACKPACK https://t.co/hDoJljPany;https://twitter.com/weendanizz
elvina - ihsan;https://twitter.com/elvina1902/status/1998676124151509108;Today at 19:31;https://x.com/search?q=%22Eiger%20Women%22%20until%3A2025-12-31%20since%3A2024-01-01&src=typed_query;Wed Dec 10 08:48:16 +0000 2025;251598820;elvina1902;Temukan EIGER WOMEN CITY ROUTE 10L BACKPACK seharga Rp219.000. Dapatkan sekarang juga di Shopee! https://t.co/LIHKICGPXB;https://twitter.com/elvina1902
Winda Susanti 윈다 수산티;https://twitter.com/weendanizz/status/2002656227890000099;Today at 19:31;https://x.com/search?q=%22Eiger%20Women%22%20until%3A2025-12-31%20since%3A2024-01-01&src=typed_query;Sun Dec 21 08:23:46 +0000 2025;62197539;weendanizz;EIGER WOMEN CITY ROUTE 10L BACKPACK https://t.co/H5rPPLDrd6;https://twitter.com/weendanizz
Moci;https://twitter.com/Mociciwa15/status/1944763552067375342;Today at 19:31;https://x.com/search?q=%22Eiger%20Women%22%20until%3A2025-12-31%20since%3A2024-01-01&src=typed_query;Mon Jul 14 14:18:57 +0000 2025;1831124157498900480;Mociciwa15;Cek EIGER WOMEN PACCHANTA ROLL SANDALS dengan harga Rp299.000. Dapatkan di Shopee sekarang! https://t.co/ByzGsYWjpS https://t.co/yndLt6nS1m;https://twitter.com/Mociciwa15
Surga Belanja ✨️;https://twitter.com/RekomenShopee00/status/1989141485573578781;Today at 19:31;https://x.com/search?q=%22Eiger%20Women%22%20until%3A2025-12-31%20since%3A2024-01-01&src=typed_query;Fri Nov 14 01:21:01 +0000 2025;1641917287128272898;RekomenShopee00;"EIGER WOMEN ROCKMASTER 25 CARRIER

https://t.co/qxTdt0WL1j https://t.co/xmcKmOtkv4";https://twitter.com/RekomenShopee00
swara elijah ngak tau kenapa;https://twitter.com/elijahswara/status/1990764847718609325;Today at 19:31;https://x.com/search?q=%22Eiger%20Women%22%20until%3A2025-12-31%20since%3A2024-01-01&src=typed_query;Tue Nov 18 12:51:40 +0000 2025;1815438366403686403;elijahswara;@tanyarlfes aku pake eiger women pict 1 nder, kapasitasnya sih gede ya, enak juga bantalannya. baru aku pake bua kekampus bawa laptop buku seabrek aman banget xixi https://t.co/ql8bUSTRuh;https://twitter.com/elijahswara
elvina - ihsan;https://twitter.com/elvina1902/status/1919550972042305585;Today at 19:31;https://x.com/search?q=%22Eiger%20Women%22%20until%3A2025-12-31%20since%3A2024-01-01&src=typed_query;Tue May 06 00:33:09 +0000 2025;251598820;elvina1902;Cek EIGER WOMEN MONTANA WATCH dengan harga Rp529.000. Dapatkan di Shopee sekarang! https://t.co/ehIqvSQpQq https://t.co/0CHY5aijpy;https://twitter.com/elvina1902
Dearmeverse_🌼✨️;https://twitter.com/im_yourstories/status/1927640332323442726;Today at 19:31;https://x.com/search?q=%22Eiger%20Women%22%20until%3A2025-12-31%20since%3A2024-01-01&src=typed_query;Wed May 28 08:17:23 +0000 2025;1640369858;im_yourstories;"EIGER WOMEN KAUWELA BUCKET HAT
https://t.co/Z7GTJZPEJ5 https://t.co/xns2zfo5zF";https://twitter.com/im_yourstories
Surga Belanja ✨️;https://twitter.com/RekomenShopee00/status/1961970728519299533;Today at 19:31;https://x.com/search?q=%22Eiger%20Women%22%20until%3A2025-12-31%20since%3A2024-01-01&src=typed_query;Sun Aug 31 01:54:07 +0000 2025;1641917287128272898;RekomenShopee00;"EIGER WOMEN PACCHANTA ROLL SANDALS

https://t.co/kPjVEKOpAK https://t.co/8yW34BCWOi";https://twitter.com/RekomenShopee00
elvina - ihsan;https://twitter.com/elvina1902/status/1981649747762155937;Today at 19:31;https://x.com/search?q=%22Eiger%20Women%22%20until%3A2025-12-31%20since%3A2024-01-01&src=typed_query;Fri Oct 24 09:11:31 +0000 2025;251598820;elvina1902;Cek EIGER WOMEN NUWIE BACKPACK 20L LAPTOP dengan harga Rp419.000. Dapatkan di Shopee sekarang! https://t.co/uCxTXTRMLW https://t.co/fRTrnnJRaS;https://twitter.com/elvina1902
EIGER;https://twitter.com/eigeradventure/status/1967196922898428356;Today at 19:31;https://x.com/search?q=%22Eiger%20Women%22%20until%3A2025-12-31%20since%3A2024-01-01&src=typed_query;Sun Sep 14 12:01:09 +0000 2025;67260968;eigeradventure;"Vert Collection: Women Series
https://t.co/4rX05ZxUMC";https://twitter.com/eigeradventure
Winda Susanti 윈다 수산티;https://twitter.com/weendanizz/status/1991178365525799417;Today at 19:31;https://x.com/search?q=%22Eiger%20Women%22%20until%3A2025-12-31%20since%3A2024-01-01&src=typed_query;Wed Nov 19 16:14:51 +0000 2025;62197539;weendanizz;EIGER WOMEN QUEENFISHER 10L BACKPACK https://t.co/6j4j8Z9mwM;https://twitter.com/weendanizz
Moon;https://twitter.com/lightatnoon/status/1942767555015491912;Today at 19:31;https://x.com/search?q=%22Eiger%20Women%22%20until%3A2025-12-31%20since%3A2024-01-01&src=typed_query;Wed Jul 09 02:07:34 +0000 2025;1619821573;lightatnoon;"2. Eiger Women 
https://t.co/b2zo84orry https://t.co/hZQrUg69X7";https://twitter.com/lightatnoon
tea;https://twitter.com/ainturgrandma/status/1972300050878583067;Today at 19:31;https://x.com/search?q=%22Eiger%20Women%22%20until%3A2025-12-31%20since%3A2024-01-01&src=typed_query;Sun Sep 28 13:59:10 +0000 2025;1309654314281959425;ainturgrandma;eiger women buka store di semarang dong, nanti aku minta uang ke ayahku deh😔;https://twitter.com/ainturgrandma
ci_sun🌻🌻;https://twitter.com/desisoe15157/status/1959072588136947959;Today at 19:31;https://x.com/search?q=%22Eiger%20Women%22%20until%3A2025-12-31%20since%3A2024-01-01&src=typed_query;Sat Aug 23 01:57:57 +0000 2025;1868963229273407488;desisoe15157;Cek EIGER WOMEN FLUX TOTEBAG dengan harga Rp499.000. Dapatkan di Shopee sekarang! https://t.co/ZuBPO9QwUI https://t.co/WatTcQ4byZ;https://twitter.com/desisoe15157
ci_sun🌻🌻;https://twitter.com/desisoe15157/status/1942507748639531107;Today at 19:31;https://x.com/search?q=%22Eiger%20Women%22%20until%3A2025-12-31%20since%3A2024-01-01&src=typed_query;Tue Jul 08 08:55:11 +0000 2025;1868963229273407488;desisoe15157;Cek EIGER WOMEN MALAKA WATER BOTTLE dengan harga Rp209.000. Dapatkan di Shopee sekarang! https://t.co/v8bt6MK0IC https://t.co/XPznFc11ri;https://twitter.com/desisoe15157
Winda Susanti 윈다 수산티;https://twitter.com/weendanizz/status/2002655665245057389;Today at 19:31;https://x.com/search?q=%22Eiger%20Women%22%20until%3A2025-12-31%20since%3A2024-01-01&src=typed_query;Sun Dec 21 08:21:32 +0000 2025;62197539;weendanizz;EIGER WOMEN SHORESIDE 2.0 PACK 22L 1A LAPTOP https://t.co/veCz8dsD0o;https://twitter.com/weendanizz
🌃 kamen;https://twitter.com/neautilus_/status/1777325634530025983;Today at 19:31;https://x.com/search?q=%22Eiger%20Women%22%20until%3A2025-12-31%20since%3A2024-01-01&src=typed_query;Mon Apr 08 13:20:27 +0000 2024;1135042079812464640;neautilus_;Eiger women's series btw soalnya motifnya aura2 bohemian;https://twitter.com/neautilus_
aerin;https://twitter.com/aerinnnz/status/1975554600012071154;Today at 19:31;https://x.com/search?q=%22Eiger%20Women%22%20until%3A2025-12-31%20since%3A2024-01-01&src=typed_query;Tue Oct 07 13:31:35 +0000 2025;361807186;aerinnnz;Cek EIGER WOMEN SAIRA UTILITY MINI BACKPACK dengan harga Rp409.000. Dapatkan di Shopee sekarang! https://t.co/ovHRwTSxRp https://t.co/wflZBjXN0e;https://twitter.com/aerinnnz
Little Stella;https://twitter.com/littlestellaaa/status/1935183959559913834;Today at 19:31;https://x.com/search?q=%22Eiger%20Women%22%20until%3A2025-12-31%20since%3A2024-01-01&src=typed_query;Wed Jun 18 03:53:04 +0000 2025;1902024888761892864;littlestellaaa;"Cek EIGER WOMEN VIRERE LOW CUT SHOES
 Dapatkan di Shopee sekarang! https://t.co/2UvIyRlRzu https://t.co/xFmGb2okmq";https://twitter.com/littlestellaaa
리 Lee suwanda;https://twitter.com/Lee_suwanda/status/1944603591521784194;Today at 19:31;https://x.com/search?q=%22Eiger%20Women%22%20until%3A2025-12-31%20since%3A2024-01-01&src=typed_query;Mon Jul 14 03:43:19 +0000 2025;197437317;Lee_suwanda;Eiger Women Malaka Water Bottle 500ML Stainless Steel dengan harga Rp209.000. Dapatkan di Shopee sekarang! https://t.co/IWbG1SlnGB https://t.co/v1k2ozs21h;https://twitter.com/Lee_suwanda
.;https://twitter.com/egiiiya/status/1973414409558171740;Today at 19:31;https://x.com/search?q=%22Eiger%20Women%22%20until%3A2025-12-31%20since%3A2024-01-01&src=typed_query;Wed Oct 01 15:47:14 +0000 2025;1527165663722500096;egiiiya;Cek EIGER WOMEN PACCHANTA ROLL SANDALS dengan harga Rp299.000. Dapatkan di Shopee sekarang! https://t.co/4t6imDT8Gx https://t.co/W5e8cZ7iYW;https://twitter.com/egiiiya
Winda Susanti 윈다 수산티;https://twitter.com/weendanizz/status/2000039165262807440;Today at 19:31;https://x.com/search?q=%22Eiger%20Women%22%20until%3A2025-12-31%20since%3A2024-01-01&src=typed_query;Sun Dec 14 03:04:30 +0000 2025;62197539;weendanizz;EIGER WOMEN VIRERE ROLL STRAP SANDALS https://t.co/M5ybtMSxwo;https://twitter.com/weendanizz
Winda Susanti 윈다 수산티;https://twitter.com/weendanizz/status/1999467519552458853;Today at 19:31;https://x.com/search?q=%22Eiger%20Women%22%20until%3A2025-12-31%20since%3A2024-01-01&src=typed_query;Fri Dec 12 13:12:59 +0000 2025;62197539;weendanizz;EIGER WOMEN SHORESIDE 2.0 PACK 22L 1A LAPTOP https://t.co/7ms3R4Cg3Y;https://twitter.com/weendanizz
hyyoucekout;https://twitter.com/stylemuew/status/1933718259817460050;Today at 19:31;https://x.com/search?q=%22Eiger%20Women%22%20until%3A2025-12-31%20since%3A2024-01-01&src=typed_query;Sat Jun 14 02:48:54 +0000 2025;1378178071052754945;stylemuew;Cek EIGER WOMEN VIRERE LOW CUT SHOES dengan harga Rp779.000. Dapatkan di Shopee sekarang! https://t.co/I3TadLU422 https://t.co/X8Z0C5ADT2;https://twitter.com/stylemuew
Winda Susanti 윈다 수산티;https://twitter.com/weendanizz/status/1997245623247237402;Today at 19:31;https://x.com/search?q=%22Eiger%20Women%22%20until%3A2025-12-31%20since%3A2024-01-01&src=typed_query;Sat Dec 06 10:03:58 +0000 2025;62197539;weendanizz;EIGER WOMEN SHORESIDE 2.0 PACK 22L 1A LAPTOP https://t.co/eYJEmPHlHI;https://twitter.com/weendanizz
hyyoucekout;https://twitter.com/stylemuew/status/1924991100038820261;Today at 19:31;https://x.com/search?q=%22Eiger%20Women%22%20until%3A2025-12-31%20since%3A2024-01-01&src=typed_query;Wed May 21 00:50:17 +0000 2025;1378178071052754945;stylemuew;Cek EIGER WOMEN PACCHANTA PINCH SANDALS dengan harga Rp229.000. Dapatkan di Shopee sekarang! https://t.co/R1SPGZJOqC https://t.co/CEPoBolYrH;https://twitter.com/stylemuew
hyyoucekout;https://twitter.com/stylemuew/status/1924325531656618437;Today at 19:31;https://x.com/search?q=%22Eiger%20Women%22%20until%3A2025-12-31%20since%3A2024-01-01&src=typed_query;Mon May 19 04:45:33 +0000 2025;1378178071052754945;stylemuew;Cek EIGER WOMEN PACCHANTA ROLL SANDALS dengan harga Rp299.000. Dapatkan di Shopee sekarang! https://t.co/Nhd7GUaxUM https://t.co/LhaxNaNqY0;https://twitter.com/stylemuew
hyyoucekout;https://twitter.com/stylemuew/status/1962071925536280667;Today at 19:31;https://x.com/search?q=%22Eiger%20Women%22%20until%3A2025-12-31%20since%3A2024-01-01&src=typed_query;Sun Aug 31 08:36:15 +0000 2025;1378178071052754945;stylemuew;Cek EIGER WOMEN MONTANA WATCH dengan harga Rp529.000. Dapatkan di Shopee sekarang! https://t.co/3brLtlJepR https://t.co/ZTgofcdOUP;https://twitter.com/stylemuew
elvina - ihsan;https://twitter.com/elvina1902/status/1987739289875267808;Today at 19:31;https://x.com/search?q=%22Eiger%20Women%22%20until%3A2025-12-31%20since%3A2024-01-01&src=typed_query;Mon Nov 10 04:29:11 +0000 2025;251598820;elvina1902;Temukan EIGER WOMEN FASCIA T-SHIRT SS 1.0 seharga Rp192.720. Dapatkan sekarang juga di Shopee! https://t.co/Gj1UjFonzn;https://twitter.com/elvina1902
Winda Susanti 윈다 수산티;https://twitter.com/weendanizz/status/1992410099667878276;Today at 19:31;https://x.com/search?q=%22Eiger%20Women%22%20until%3A2025-12-31%20since%3A2024-01-01&src=typed_query;Sun Nov 23 01:49:19 +0000 2025;62197539;weendanizz;EIGER WOMEN FARELLGLAM 18L LAPTOP BACKPACK https://t.co/ffwPH3R92F;https://twitter.com/weendanizz
lifeinfiveminiutes;https://twitter.com/lifeinfive44107/status/1944215788925464830;Today at 19:31;https://x.com/search?q=%22Eiger%20Women%22%20until%3A2025-12-31%20since%3A2024-01-01&src=typed_query;Sun Jul 13 02:02:20 +0000 2025;1768477361832591360;lifeinfive44107;Cek EIGER WOMEN MONTANA WATCH dengan harga Rp529.000. Dapatkan di Shopee sekarang! https://t.co/4f5uDR8eGf https://t.co/3e9j1XjZNv;https://twitter.com/lifeinfive44107
lifeinfiveminiutes;https://twitter.com/lifeinfive44107/status/1945466126609330642;Today at 19:31;https://x.com/search?q=%22Eiger%20Women%22%20until%3A2025-12-31%20since%3A2024-01-01&src=typed_query;Wed Jul 16 12:50:44 +0000 2025;1768477361832591360;lifeinfive44107;Cek Eiger Women Shoreside 2.0 Pack 22L 1A Laptop dengan harga Rp479.000. Dapatkan di Shopee sekarang! https://t.co/KaEGVOByGo https://t.co/9OVDd2HbOM;https://twitter.com/lifeinfive44107
lifeinfiveminiutes;https://twitter.com/lifeinfive44107/status/1947492841296716123;Today at 19:31;https://x.com/search?q=%22Eiger%20Women%22%20until%3A2025-12-31%20since%3A2024-01-01&src=typed_query;Tue Jul 22 03:04:10 +0000 2025;1768477361832591360;lifeinfive44107;Cek EIGER WOMEN NUWIE TRAVE BACKPACK 18L LAPTOP dengan harga Rp399.000. Dapatkan di Shopee sekarang! https://t.co/ATevoR35nL https://t.co/fKVi0IAodG;https://twitter.com/lifeinfive44107
Harian Jogja;https://twitter.com/Harian_Jogja/status/1960114213663510982;Today at 19:31;https://x.com/search?q=%22Eiger%20Women%22%20until%3A2025-12-31%20since%3A2024-01-01&src=typed_query;Mon Aug 25 22:57:00 +0000 2025;118371948;Harian_Jogja;"Toko Pertama EIGER Women &amp; Junior Dibuka di Surabaya
https://t.co/Kby4gyPQZT";https://twitter.com/Harian_Jogja
Winda Susanti 윈다 수산티;https://twitter.com/weendanizz/status/1995030762903802010;Today at 19:31;https://x.com/search?q=%22Eiger%20Women%22%20until%3A2025-12-31%20since%3A2024-01-01&src=typed_query;Sun Nov 30 07:22:54 +0000 2025;62197539;weendanizz;EIGER WOMEN CITY ROUTE 10L BACKPACK https://t.co/1pbR6FO8gg;https://twitter.com/weendanizz
elvina - ihsan;https://twitter.com/elvina1902/status/1983116000087429496;Today at 19:31;https://x.com/search?q=%22Eiger%20Women%22%20until%3A2025-12-31%20since%3A2024-01-01&src=typed_query;Tue Oct 28 10:17:53 +0000 2025;251598820;elvina1902;Temukan Eiger Women Nuwie Trave Backpack 18L Laptop seharga Rp314.100. Dapatkan sekarang juga di Shopee! https://t.co/jYwZespVBU;https://twitter.com/elvina1902
Jennyfer Capriaty;https://twitter.com/capriatyyjen/status/1984419907283599728;Today at 19:31;https://x.com/search?q=%22Eiger%20Women%22%20until%3A2025-12-31%20since%3A2024-01-01&src=typed_query;Sat Nov 01 00:39:09 +0000 2025;432526729;capriatyyjen;Cek EIGER WOMEN CALDERA ROLL STRAP 3.0 SANDALS dengan harga Rp309.000. Dapatkan di Shopee sekarang! https://t.co/dKXGghe5h3 https://t.co/z4M6Fh7or4;https://twitter.com/capriatyyjen
Hafiz mahardika;https://twitter.com/Mahardika01_/status/1990339920846897305;Today at 19:31;https://x.com/search?q=%22Eiger%20Women%22%20until%3A2025-12-31%20since%3A2024-01-01&src=typed_query;Mon Nov 17 08:43:10 +0000 2025;1597910976996614144;Mahardika01_;"Cek EIGER WOMEN LORA LIMITED MID CUT SHOES dengan harga Rp1.499.000. Dapatkan di Shopee sekarang!👇👇
https://t.co/t87DWmFCzB https://t.co/0tdzQQgRiS";https://twitter.com/Mahardika01_
Tote Bag ID | Rekomendasi Produk;https://twitter.com/totebag_ID/status/1889542863555584068;Today at 19:31;https://x.com/search?q=%22Eiger%20Women%22%20until%3A2025-12-31%20since%3A2024-01-01&src=typed_query;Wed Feb 12 05:11:39 +0000 2025;288016460;totebag_ID;"Eiger women wind proof jacket

 📌https://t.co/y3kk2DDPcu

Najwa cap go meh shenina najwa https://t.co/6PnZaidY8b";https://twitter.com/totebag_ID
Winda Susanti 윈다 수산티;https://twitter.com/weendanizz/status/1994838095506935986;Today at 19:31;https://x.com/search?q=%22Eiger%20Women%22%20until%3A2025-12-31%20since%3A2024-01-01&src=typed_query;Sat Nov 29 18:37:18 +0000 2025;62197539;weendanizz;EIGER WOMEN TROUVIS BUCKET HAT 2.0 https://t.co/Chz1aod6MA;https://twitter.com/weendanizz
Winda Susanti 윈다 수산티;https://twitter.com/weendanizz/status/2001937292202852670;Today at 19:31;https://x.com/search?q=%22Eiger%20Women%22%20until%3A2025-12-31%20since%3A2024-01-01&src=typed_query;Fri Dec 19 08:46:59 +0000 2025;62197539;weendanizz;EIGER WOMEN SHORESIDE 2.0 PACK 22L 1A LAPTOP https://t.co/nk8IntPcm6;https://twitter.com/weendanizz
Winda Susanti 윈다 수산티;https://twitter.com/weendanizz/status/1992382882346828111;Today at 19:31;https://x.com/search?q=%22Eiger%20Women%22%20until%3A2025-12-31%20since%3A2024-01-01&src=typed_query;Sun Nov 23 00:01:10 +0000 2025;62197539;weendanizz;EIGER WOMEN LORA LIMITED MID CUT SHOES https://t.co/uldx0pSPx3;https://twitter.com/weendanizz
Winda Susanti 윈다 수산티;https://twitter.com/weendanizz/status/1997892048910008347;Today at 19:31;https://x.com/search?q=%22Eiger%20Women%22%20until%3A2025-12-31%20since%3A2024-01-01&src=typed_query;Mon Dec 08 04:52:38 +0000 2025;62197539;weendanizz;EIGER WOMEN LOENIE CROSSBODY 5L https://t.co/iUzuARfeea;https://twitter.com/weendanizz
EIGER;https://twitter.com/eigeradventure/status/1873307884542672973;Today at 19:31;https://x.com/search?q=%22Eiger%20Women%22%20until%3A2025-12-31%20since%3A2024-01-01&src=typed_query;Sun Dec 29 09:59:38 +0000 2024;67260968;eigeradventure;@senjatanuklir Jaket EIGER dong, EIGER Women siap kirim🌹;https://twitter.com/eigeradventure
Elelee;https://twitter.com/peceleleuye/status/1840098154517279010;Today at 19:31;https://x.com/search?q=%22Eiger%20Women%22%20until%3A2025-12-31%20since%3A2024-01-01&src=typed_query;Sat Sep 28 18:36:02 +0000 2024;1322469857690988544;peceleleuye;"Guys yang mau Sepatu Eiger Women Series Original
Kardus Masih ada

Minus:
-tag di dalam sepatu hilang
-defect Bagian Sol
-Pemakaian Pribadi

Harga Beli: 1.149.000
Harga Jual: 500.000

Lokasi: Semarang Timur https://t.co/GL878u0NAn";https://twitter.com/peceleleuye
chi cha;https://twitter.com/menyanggupi/status/1814908978532655129;Today at 19:31;https://x.com/search?q=%22Eiger%20Women%22%20until%3A2025-12-31%20since%3A2024-01-01&src=typed_query;Sun Jul 21 06:23:14 +0000 2024;515503441;menyanggupi;EXCITED bgtTTTT besok fum hiking brg Eiger Women di Cikole 🤣🤣🤣🤣🤣🤣🤣;https://twitter.com/menyanggupi
Lukmanul Hakim;https://twitter.com/LuckymanDJevank/status/1996497663190327410;Today at 19:31;https://x.com/search?q=%22Eiger%20Women%22%20until%3A2025-12-31%20since%3A2024-01-01&src=typed_query;Thu Dec 04 08:31:50 +0000 2025;331448078;LuckymanDJevank;Cek EIGER WOMEN MONTANA WATCH dengan harga Rp476.100. Dapatkan di Shopee sekarang! https://t.co/HOCLELjBPh https://t.co/i7bWvOzMai;https://twitter.com/LuckymanDJevank
Che;https://twitter.com/chelsea_avm/status/1848360567091966200;Today at 19:31;https://x.com/search?q=%22Eiger%20Women%22%20until%3A2025-12-31%20since%3A2024-01-01&src=typed_query;Mon Oct 21 13:47:54 +0000 2024;705554929939673088;chelsea_avm;Exsport atau eiger women series? Dua-duanya cute😣;https://twitter.com/chelsea_avm
Winda Susanti 윈다 수산티;https://twitter.com/weendanizz/status/2002656596514791471;Today at 19:31;https://x.com/search?q=%22Eiger%20Women%22%20until%3A2025-12-31%20since%3A2024-01-01&src=typed_query;Sun Dec 21 08:25:14 +0000 2025;62197539;weendanizz;EIGER WOMEN CITYROUTE SLING BAG 2L https://t.co/7LwiBQzWNJ;https://twitter.com/weendanizz
Winda Susanti 윈다 수산티;https://twitter.com/weendanizz/status/2001426489963876599;Today at 19:31;https://x.com/search?q=%22Eiger%20Women%22%20until%3A2025-12-31%20since%3A2024-01-01&src=typed_query;Wed Dec 17 22:57:14 +0000 2025;62197539;weendanizz;EIGER WOMEN FLORENCE 1.0 SHOES https://t.co/6GwMgQI4zh;https://twitter.com/weendanizz
Kober13;https://twitter.com/kilfad/status/1973317984870605112;Today at 19:31;https://x.com/search?q=%22Eiger%20Women%22%20until%3A2025-12-31%20since%3A2024-01-01&src=typed_query;Wed Oct 01 09:24:04 +0000 2025;2308193682;kilfad;Cek EIGER WOMEN NUWIE BACKPACK 3IN1 LAPTOP dengan harga Rp679.000. Dapatkan di Shopee sekarang! https://t.co/atHmjdpxJY https://t.co/lDEnSnI35B;https://twitter.com/kilfad
Destinasi Bandung;https://twitter.com/destinasibdg/status/1899430292047466968;Today at 19:31;https://x.com/search?q=%22Eiger%20Women%22%20until%3A2025-12-31%20since%3A2024-01-01&src=typed_query;Tue Mar 11 12:00:45 +0000 2025;2789285389;destinasibdg;"Rayakan Hari Perempuan Internasional EIGER Women Berbagi dari Perempuan untuk Perempuan, Serentak di Jakarta, Bandung dan Yogyakarta
 https://t.co/GZppX4LX48 lewat @Destinasi Bandung

#Eiger #WomensDay #womenday2025";https://twitter.com/destinasibdg
H. Solon;https://twitter.com/photoysnta/status/1819217731360579994;Today at 19:31;https://x.com/search?q=%22Eiger%20Women%22%20until%3A2025-12-31%20since%3A2024-01-01&src=typed_query;Fri Aug 02 03:44:41 +0000 2024;869429342614339584;photoysnta;eiger women official store nda maenmaen;https://twitter.com/photoysnta
Nn. Enn;https://twitter.com/ennisetyo/status/2002660111295394295;Today at 19:31;https://x.com/search?q=%22Eiger%20Women%22%20until%3A2025-12-31%20since%3A2024-01-01&src=typed_query;Sun Dec 21 08:39:12 +0000 2025;2454964452;ennisetyo;Cek EIGER WOMEN MONTANA WATCH dengan harga Rp529.000. Dapatkan di Shopee sekarang! https://t.co/g4388HJhTT https://t.co/8deCJgBXxH;https://twitter.com/ennisetyo
Winda Susanti 윈다 수산티;https://twitter.com/weendanizz/status/1994219776009232786;Today at 19:31;https://x.com/search?q=%22Eiger%20Women%22%20until%3A2025-12-31%20since%3A2024-01-01&src=typed_query;Fri Nov 28 01:40:20 +0000 2025;62197539;weendanizz;EIGER WOMEN RESBER BACKPACK 20L LAPTOP https://t.co/FiirrQgooT;https://twitter.com/weendanizz
Winda Susanti 윈다 수산티;https://twitter.com/weendanizz/status/1995427017526055219;Today at 19:31;https://x.com/search?q=%22Eiger%20Women%22%20until%3A2025-12-31%20since%3A2024-01-01&src=typed_query;Mon Dec 01 09:37:28 +0000 2025;62197539;weendanizz;EIGER WOMEN BREE SLING BAG https://t.co/4EOTF1H6nk;https://twitter.com/weendanizz
flame hashira;https://twitter.com/articrun26/status/1794406432273809631;Today at 19:31;https://x.com/search?q=%22Eiger%20Women%22%20until%3A2025-12-31%20since%3A2024-01-01&src=typed_query;Sat May 25 16:33:26 +0000 2024;1718307031457951744;articrun26;Kmn aja gw baru tau Eiger Women lucu lucu designnya🥹;https://twitter.com/articrun26
txtdarinastarlebaran;https://twitter.com/nastarrlebarann/status/1889264673918488943;Today at 19:31;https://x.com/search?q=%22Eiger%20Women%22%20until%3A2025-12-31%20since%3A2024-01-01&src=typed_query;Tue Feb 11 10:46:13 +0000 2025;1601141406437085184;nastarrlebarann;Outfit eiger women makin kesini makin kesana. Duhh, jiwaku meronta-ronta 😭🙏;https://twitter.com/nastarrlebarann
IG: yz.fashion;https://twitter.com/YZ_Fashion/status/1944753959631274416;Today at 19:31;https://x.com/search?q=%22Eiger%20Women%22%20until%3A2025-12-31%20since%3A2024-01-01&src=typed_query;Mon Jul 14 13:40:50 +0000 2025;575986758;YZ_Fashion;Cek EIGER WOMEN PACCHANTA ROLL SANDALS dengan harga Rp299.000. Dapatkan di Shopee sekarang! https://t.co/h4wrS4nNTL https://t.co/QDCcW9ha7f;https://twitter.com/YZ_Fashion
Cha;https://twitter.com/SiscaVerizcaa/status/1919073303966142762;Today at 19:31;https://x.com/search?q=%22Eiger%20Women%22%20until%3A2025-12-31%20since%3A2024-01-01&src=typed_query;Sun May 04 16:55:04 +0000 2025;215505571;SiscaVerizcaa;Cek EIGER WOMEN PACCHANTA ROLL SANDALS dengan harga Rp299.000. Dapatkan di Shopee sekarang! https://t.co/lMyRhItN9U https://t.co/TbnHSyB9aC;https://twitter.com/SiscaVerizcaa
Winda Susanti 윈다 수산티;https://twitter.com/weendanizz/status/1992378835615293530;Today at 19:31;https://x.com/search?q=%22Eiger%20Women%22%20until%3A2025-12-31%20since%3A2024-01-01&src=typed_query;Sat Nov 22 23:45:05 +0000 2025;62197539;weendanizz;EIGER WOMEN NUBE RAIN COVER S https://t.co/KjyAvHClbI;https://twitter.com/weendanizz
IG: yz.fashion;https://twitter.com/YZ_Fashion/status/1963947595510022322;Today at 19:31;https://x.com/search?q=%22Eiger%20Women%22%20until%3A2025-12-31%20since%3A2024-01-01&src=typed_query;Fri Sep 05 12:49:29 +0000 2025;575986758;YZ_Fashion;Cek EIGER WOMEN MONTANA WATCH dengan harga Rp476.100. Dapatkan di Shopee sekarang! https://t.co/668eBtNl5l https://t.co/aPQOFDLgPY;https://twitter.com/YZ_Fashion
Winda Susanti 윈다 수산티;https://twitter.com/weendanizz/status/2000042890941362278;Today at 19:31;https://x.com/search?q=%22Eiger%20Women%22%20until%3A2025-12-31%20since%3A2024-01-01&src=typed_query;Sun Dec 14 03:19:18 +0000 2025;62197539;weendanizz;EIGER WOMEN CHELINE 1.0 SHOES https://t.co/N32TIqcQ50;https://twitter.com/weendanizz
Fernweh;https://twitter.com/henineahor/status/1860679373189505433;Today at 19:31;https://x.com/search?q=%22Eiger%20Women%22%20until%3A2025-12-31%20since%3A2024-01-01&src=typed_query;Sun Nov 24 13:38:26 +0000 2024;282943579;henineahor;Eiger women seriesnya cakep-cakep banget ihhh mau;https://twitter.com/henineahor
Cha;https://twitter.com/SiscaVerizcaa/status/1937891916898800043;Today at 19:31;https://x.com/search?q=%22Eiger%20Women%22%20until%3A2025-12-31%20since%3A2024-01-01&src=typed_query;Wed Jun 25 15:13:31 +0000 2025;215505571;SiscaVerizcaa;Cek EIGER WOMEN VIRERE LOW CUT SHOES dengan harga Rp779.000. Dapatkan di Shopee sekarang! https://t.co/WTVCIb8bxM https://t.co/Ypb5DRXRYY;https://twitter.com/SiscaVerizcaa
Bandung News Photo BNP;https://twitter.com/PhotoBnp77308/status/1853020885604823267;Today at 19:31;https://x.com/search?q=%22Eiger%20Women%22%20until%3A2025-12-31%20since%3A2024-01-01&src=typed_query;Sun Nov 03 10:26:21 +0000 2024;1643093405302652928;PhotoBnp77308;Hanya untuk Perempuan, Eiger Women Jungle Survival Course  2024 Diadakan di Kawasan Gunung Cakrabuana Tasikmalaya https://t.co/IgbUIwWBMs;https://twitter.com/PhotoBnp77308
Bandung News Photo BNP;https://twitter.com/PhotoBnp77308/status/1872518835196273091;Today at 19:31;https://x.com/search?q=%22Eiger%20Women%22%20until%3A2025-12-31%20since%3A2024-01-01&src=typed_query;Fri Dec 27 05:44:14 +0000 2024;1643093405302652928;PhotoBnp77308;"Bersantai di Alam dengan WS Camp Chair &amp;amp; WS Camp Table dari Eiger Women https://t.co/ILTPIxMCQq";https://twitter.com/PhotoBnp77308
L Herlina Manalu;https://twitter.com/anna_lina89/status/1845821852910014830;Today at 19:31;https://x.com/search?q=%22Eiger%20Women%22%20until%3A2025-12-31%20since%3A2024-01-01&src=typed_query;Mon Oct 14 13:39:58 +0000 2024;96716869;anna_lina89;Shopee Live: LONG TIME NO SEE !!. Tonton Eiger Women Official Store live sekarang: https://t.co/C8V95Uy3wh https://t.co/aPJ9IMZ1is;https://twitter.com/anna_lina89
day;https://twitter.com/syafrz/status/1989367055343296677;Today at 19:31;https://x.com/search?q=%22Eiger%20Women%22%20until%3A2025-12-31%20since%3A2024-01-01&src=typed_query;Fri Nov 14 16:17:21 +0000 2025;2339395105;syafrz;semua yang ada di eiger women menarik;https://twitter.com/syafrz
@ShopWaveID;https://twitter.com/shopwaveid/status/1989460994612203561;Today at 19:31;https://x.com/search?q=%22Eiger%20Women%22%20until%3A2025-12-31%20since%3A2024-01-01&src=typed_query;Fri Nov 14 22:30:38 +0000 2025;1989338954102095872;shopwaveid;"Nemu tas eiger keren 
Link ada di sini 👇

EIGER MIGRATES PACK 15L
https://t.co/bNszqgFTCu
EIGER WOMEN SHORESIDE 2.0 PACK 22L
https://t.co/6x3fhFYokB
EIGER CERVUS WAIST BAG
https://t.co/uhACUq59WQ https://t.co/kuI2wOraj1";https://twitter.com/shopwaveid
kecil;https://twitter.com/nputami_/status/1791624146520347019;Today at 19:31;https://x.com/search?q=%22Eiger%20Women%22%20until%3A2025-12-31%20since%3A2024-01-01&src=typed_query;Sat May 18 00:17:37 +0000 2024;96708990;nputami_;Eiger women series makin kesini makin cu banget. Lagi gapunya duit gini ada aja keliatan yg lucu-lucu 🙃;https://twitter.com/nputami_
yaya;https://twitter.com/n4mast3e/status/1959249465547665779;Today at 19:31;https://x.com/search?q=%22Eiger%20Women%22%20until%3A2025-12-31%20since%3A2024-01-01&src=typed_query;Sat Aug 23 13:40:48 +0000 2025;405255354;n4mast3e;eiger women buka store di sby, trus tmnku ada yg pake sandal yg selama ini aku pengeni wkwkw 😭😭😭;https://twitter.com/n4mast3e
liputanbandung;https://twitter.com/liputanbandung1/status/1899952150375260599;Today at 19:31;https://x.com/search?q=%22Eiger%20Women%22%20until%3A2025-12-31%20since%3A2024-01-01&src=typed_query;Wed Mar 12 22:34:26 +0000 2025;1875069391769153536;liputanbandung1;"EIGER Women Sambut Hari Perempuan Internasional dengan Aksi Berbagi di Jakarta, Bandung, dan Yogyakarta
 https://t.co/2gPKGqKmXq lewat @Liputan Bandung

#Eiger";https://twitter.com/liputanbandung1
